sex,age,education,employment,home_x,home_y,work_x,work_y,median_income,has_car,mode,departure_work,departure_home
F,35-39,ISCED11_7,EMP,152721.889,172843.619,150844.17944,163502.64919997938,28501.0,1,car,540,1020
M,45-49,ISCED11_1,EMP,145643.306,168483.977,146881.87944,174443.8791999789,22031.0,1,car,450,1015
M,55-59,ISCED11_1,EMP,152573.7,173736.769,153448.279276,174777.4751059804,25740.0,0,bike,500,1010