iteration;avg_executed;avg_worst;avg_average;avg_best
0;129.8938000410035;129.8938000410035;129.8938000410035;129.8938000410035
